<?xml version="1.0" ?>
<LOG_ROOT>
	<PROJECT NAME="kx9016">
		<CBX_INST_ENTRY INSTANCE_NAME="|kx9016|sld_signaltap:auto_signaltap_0|sld_signaltap_impl:sld_signaltap_body|altdpram:\stp_non_zero_ram_gen:attribute_mem_gen:attribute_mem|lpm_mux:mux" CBX_FILE_NAME="mux_coc.tdf"/>
		<CBX_INST_ENTRY INSTANCE_NAME="|kx9016|sld_signaltap:auto_signaltap_0|sld_signaltap_impl:sld_signaltap_body|sld_offload_buffer_mgr:\stp_non_zero_depth_offload_gen:stp_offload_buff_mgr_inst|LPM_COUNTER:\adv_point_3_and_more:advance_pointer_counter" CBX_FILE_NAME="cntr_8ci.tdf"/>
		<CBX_INST_ENTRY INSTANCE_NAME="|kx9016|sld_signaltap:auto_signaltap_0|sld_signaltap_impl:sld_signaltap_body|sld_offload_buffer_mgr:\stp_non_zero_depth_offload_gen:stp_offload_buff_mgr_inst|LPM_COUNTER:read_pointer_counter" CBX_FILE_NAME="cntr_e0j.tdf"/>
		<CBX_INST_ENTRY INSTANCE_NAME="|kx9016|RAMK:inst7|altsyncram:altsyncram_component" CBX_FILE_NAME="altsyncram_qpc1.tdf"/>
		<CBX_INST_ENTRY INSTANCE_NAME="|kx9016|sld_signaltap:auto_signaltap_0|sld_signaltap_impl:sld_signaltap_body|altdpram:\stp_non_zero_ram_gen:attribute_mem_gen:attribute_mem|lpm_decode:wdecoder" CBX_FILE_NAME="decode_rqf.tdf"/>
		<CBX_INST_ENTRY INSTANCE_NAME="|kx9016|sld_signaltap:auto_signaltap_0|sld_signaltap_impl:sld_signaltap_body|altsyncram:\stp_non_zero_ram_gen:stp_buffer_ram" CBX_FILE_NAME="altsyncram_3qs3.tdf"/>
		<CBX_INST_ENTRY INSTANCE_NAME="|kx9016|sld_signaltap:auto_signaltap_0|sld_signaltap_impl:sld_signaltap_body|sld_offload_buffer_mgr:\stp_non_zero_depth_offload_gen:stp_offload_buff_mgr_inst|LPM_COUNTER:status_advance_pointer_counter" CBX_FILE_NAME="cntr_qbi.tdf"/>
		<CBX_INST_ENTRY INSTANCE_NAME="|kx9016|sld_signaltap:auto_signaltap_0|sld_signaltap_impl:sld_signaltap_body|sld_offload_buffer_mgr:\stp_non_zero_depth_offload_gen:stp_offload_buff_mgr_inst|LPM_COUNTER:status_read_pointer_counter" CBX_FILE_NAME="cntr_gui.tdf"/>
	</PROJECT>
</LOG_ROOT>
